{
 "tt32890033": {
  "ts": 1784701432.4464703,
  "rating": 3.27
 },
 "tt8814476": {
  "ts": 1784701462.9741495,
  "rating": 3.07
 },
 "tt26657236": {
  "ts": 1784701461.8745794,
  "rating": 3.36
 },
 "tt37287335": {
  "ts": 1784701435.348408,
  "rating": 4.12
 },
 "tt32565993": {
  "ts": 1784701460.951738,
  "rating": 3.8
 },
 "tt41983440": {
  "ts": 1783409877.9843245,
  "rating": null
 },
 "tt15047880": {
  "ts": 1784701568.3076742,
  "rating": 3.11
 },
 "tt28650488": {
  "ts": 1784701440.441526,
  "rating": 2.89
 },
 "tt27419466": {
  "ts": 1784701433.3463247,
  "rating": 3.04
 },
 "tt32093575": {
  "ts": 1784701468.8782237,
  "rating": 2.41
 },
 "tt7734244": {
  "ts": 1784701436.5058072,
  "rating": 3.04
 },
 "tt29567915": {
  "ts": 1784701545.0007741,
  "rating": 3.54
 },
 "tt19883490": {
  "ts": 1784701438.4005058,
  "rating": null
 },
 "tt30825738": {
  "ts": 1784701437.4396768,
  "rating": 3.11
 },
 "tt39104671": {
  "ts": 1784701441.4128935,
  "rating": 3.42
 },
 "tt33764258": {
  "ts": 1784701434.3492658,
  "rating": 4.36
 },
 "tt0092890": {
  "ts": 1784095816.9214113,
  "rating": 3.75
 },
 "tt3075214": {
  "ts": 1784701444.7258155,
  "rating": null
 },
 "tt29623480": {
  "ts": 1784701445.7037992,
  "rating": 4.21
 },
 "tt17528660": {
  "ts": 1784701446.7538035,
  "rating": null
 },
 "tt39814688": {
  "ts": 1784701454.9636488,
  "rating": 3.4
 },
 "tt41692123": {
  "ts": 1784701451.6678405,
  "rating": 3.44
 },
 "tt33296751": {
  "ts": 1784701453.720979,
  "rating": 3.76
 },
 "tt42574015": {
  "ts": 1784701448.6745725,
  "rating": null
 },
 "tt43509005": {
  "ts": 1784701450.6716826,
  "rating": 3.61
 },
 "tt35453057": {
  "ts": 1783409898.6366522,
  "rating": 3.35
 },
 "tt39751309": {
  "ts": 1784701482.9467936,
  "rating": 2.87
 },
 "tt26940053": {
  "ts": 1784701456.9640322,
  "rating": 3.43
 },
 "tt33586629": {
  "ts": 1784701457.9632053,
  "rating": 3.57
 },
 "tt41974661": {
  "ts": 1784701459.926766,
  "rating": null
 },
 "tt40678603": {
  "ts": 1784701458.904092,
  "rating": null
 },
 "tt33612209": {
  "ts": 1784701467.8918307,
  "rating": 3.18
 },
 "tt0758758": {
  "ts": 1783409905.675755,
  "rating": 3.84
 },
 "tt0010711": {
  "ts": 1783409906.5566435,
  "rating": null
 },
 "tt33311069": {
  "ts": 1784701543.027169,
  "rating": 3.86
 },
 "tt39316472": {
  "ts": 1784701572.3575883,
  "rating": 3.5
 },
 "tt11378946": {
  "ts": 1784701463.9655087,
  "rating": 3.61
 },
 "tt31170389": {
  "ts": 1784701465.8791642,
  "rating": 3.33
 },
 "tt0072271": {
  "ts": 1783409911.676349,
  "rating": 3.78
 },
 "tt37495239": {
  "ts": 1784701566.3582804,
  "rating": 2.84
 },
 "tt29544253": {
  "ts": 1784701470.0130055,
  "rating": 2.88
 },
 "tt27548557": {
  "ts": 1783409914.8479943,
  "rating": null
 },
 "tt33996352": {
  "ts": 1784701466.989688,
  "rating": 3.32
 },
 "tt36591456": {
  "ts": 1783409916.999232,
  "rating": null
 },
 "tt0100356": {
  "ts": 1784095849.3951705,
  "rating": 3.58
 },
 "tt38607784": {
  "ts": 1784701464.9397423,
  "rating": 2.85
 },
 "tt22084616": {
  "ts": 1784701442.6511493,
  "rating": null
 },
 "tt19861162": {
  "ts": 1784701471.9923763,
  "rating": 3.1
 },
 "tt0088247": {
  "ts": 1784701473.02127,
  "rating": 3.88
 },
 "tt43619348": {
  "ts": 1784701473.899404,
  "rating": null
 },
 "tt38884015": {
  "ts": 1784701443.6728153,
  "rating": null
 },
 "tt0145688": {
  "ts": 1784701474.900307,
  "rating": null
 },
 "tt0245429": {
  "ts": 1784701475.950582,
  "rating": 4.44
 },
 "tt37436831": {
  "ts": 1784701477.0155518,
  "rating": 2.42
 },
 "tt6198412": {
  "ts": 1784701477.9775326,
  "rating": null
 },
 "tt37853455": {
  "ts": 1784701479.8989797,
  "rating": null
 },
 "tt0232500": {
  "ts": 1784701482.0420613,
  "rating": 3.53
 },
 "tt0077745": {
  "ts": 1784701483.9619932,
  "rating": 3.94
 },
 "tt0034583": {
  "ts": 1784701488.6341748,
  "rating": 4.28
 },
 "tt30343021": {
  "ts": 1783409933.4878983,
  "rating": 3.3
 },
 "tt0094862": {
  "ts": 1784701490.7134843,
  "rating": 3.33
 },
 "tt2186566": {
  "ts": 1784701491.7823741,
  "rating": 2.86
 },
 "tt0075148": {
  "ts": 1784701492.6697128,
  "rating": 4.11
 },
 "tt0081505": {
  "ts": 1784701493.6511161,
  "rating": 4.22
 },
 "tt0457939": {
  "ts": 1784701494.6956596,
  "rating": 3.62
 },
 "tt0100157": {
  "ts": 1784701495.5956767,
  "rating": 3.99
 },
 "tt32986839": {
  "ts": 1784701496.7114768,
  "rating": 3.78
 },
 "tt0108052": {
  "ts": 1783409942.2063818,
  "rating": 4.54
 },
 "tt0086879": {
  "ts": 1783409943.433762,
  "rating": 4.36
 },
 "tt33381401": {
  "ts": 1784701550.9783955,
  "rating": 3.66
 },
 "tt32528560": {
  "ts": 1783409945.672497,
  "rating": 3.25
 },
 "tt33515714": {
  "ts": 1784701500.3854082,
  "rating": 3.55
 },
 "tt1020559": {
  "ts": 1783409947.733615,
  "rating": 3.27
 },
 "tt2066051": {
  "ts": 1783409949.1363451,
  "rating": 3.7
 },
 "tt31514146": {
  "ts": 1784701498.2766533,
  "rating": 4.25
 },
 "tt20559796": {
  "ts": 1783409951.002854,
  "rating": 3.7
 },
 "tt37537636": {
  "ts": 1784701558.0951765,
  "rating": 3.83
 },
 "tt32429174": {
  "ts": 1783409953.1929333,
  "rating": 3.68
 },
 "tt39602467": {
  "ts": 1784701501.3526297,
  "rating": 3.3
 },
 "tt34487826": {
  "ts": 1784701541.0253334,
  "rating": 3.12
 },
 "tt41991199": {
  "ts": 1784701470.9453347,
  "rating": null
 },
 "tt0118528": {
  "ts": 1783409957.555861,
  "rating": 3.92
 },
 "tt22777288": {
  "ts": 1784095879.3364112,
  "rating": 3.39
 },
 "tt36586751": {
  "ts": 1784701502.3656888,
  "rating": 3.02
 },
 "tt0073195": {
  "ts": 1784701507.1732845,
  "rating": 3.92
 },
 "tt11542214": {
  "ts": 1783409962.5682847,
  "rating": 2.74
 },
 "tt0806139": {
  "ts": 1784095884.5485816,
  "rating": 3.56
 },
 "tt21331016": {
  "ts": 1784701508.3445249,
  "rating": 2.21
 },
 "tt38875798": {
  "ts": 1784701510.2881622,
  "rating": 3.05
 },
 "tt0095327": {
  "ts": 1784701541.8849943,
  "rating": 4.48
 },
 "tt32273171": {
  "ts": 1784095921.1780581,
  "rating": 3.06
 },
 "tt36874833": {
  "ts": 1784095829.9468496,
  "rating": 3.53
 },
 "tt37022391": {
  "ts": 1784701512.2427547,
  "rating": 3.59
 },
 "tt30797042": {
  "ts": 1783409970.966592,
  "rating": 3.04
 },
 "tt12042730": {
  "ts": 1784701571.3057098,
  "rating": 4.32
 },
 "tt29002950": {
  "ts": 1784095901.8454113,
  "rating": 4.05
 },
 "tt1893269": {
  "ts": 1783409974.0426965,
  "rating": 3.64
 },
 "tt6574146": {
  "ts": 1783409975.072284,
  "rating": 3.11
 },
 "tt14507394": {
  "ts": 1783409975.9915247,
  "rating": 2.35
 },
 "tt41072606": {
  "ts": 1784701515.2136974,
  "rating": null
 },
 "tt32204858": {
  "ts": 1783409977.82703,
  "rating": 3.93
 },
 "tt39368062": {
  "ts": 1784701517.234649,
  "rating": 3.58
 },
 "tt29316652": {
  "ts": 1783409979.8740609,
  "rating": null
 },
 "tt15799524": {
  "ts": 1783409981.005701,
  "rating": 3.38
 },
 "tt32214143": {
  "ts": 1783409981.9306488,
  "rating": 2.58
 },
 "tt0113247": {
  "ts": 1783409982.8512356,
  "rating": 4.5
 },
 "tt30387012": {
  "ts": 1783409984.1795034,
  "rating": 2.6
 },
 "tt31189315": {
  "ts": 1784701516.1740196,
  "rating": 3.12
 },
 "tt36510056": {
  "ts": 1783409986.027772,
  "rating": 3.23
 },
 "tt0245712": {
  "ts": 1784095894.6294813,
  "rating": 4.19
 },
 "tt35069701": {
  "ts": 1784701514.2266233,
  "rating": 3.53
 },
 "tt0202660": {
  "ts": 1783409988.9894598,
  "rating": null
 },
 "tt0816692": {
  "ts": 1783409990.1260045,
  "rating": 4.44
 },
 "tt32321317": {
  "ts": 1783409991.1398358,
  "rating": 3.5
 },
 "tt27811632": {
  "ts": 1783409992.1891098,
  "rating": 3.76
 },
 "tt7160372": {
  "ts": 1783409993.394965,
  "rating": 3.86
 },
 "tt1233334": {
  "ts": 1783409994.6258802,
  "rating": 4.05
 },
 "tt35439895": {
  "ts": 1783409995.7252278,
  "rating": 3.54
 },
 "tt36943034": {
  "ts": 1784095902.9466023,
  "rating": 4.39
 },
 "tt31065370": {
  "ts": 1784701520.2662206,
  "rating": 3.54
 },
 "tt35494605": {
  "ts": 1784701521.2553732,
  "rating": 3.32
 },
 "tt41373111": {
  "ts": 1783409999.6554976,
  "rating": null
 },