{
 "tt32890033": {
  "ts": 1784095808.5986404,
  "rating": 3.29
 },
 "tt8814476": {
  "ts": 1784095811.6362503,
  "rating": 3.07
 },
 "tt26657236": {
  "ts": 1784095841.3345678,
  "rating": 3.37
 },
 "tt37287335": {
  "ts": 1784095809.5487826,
  "rating": 4.13
 },
 "tt32565993": {
  "ts": 1784095819.8340936,
  "rating": 3.81
 },
 "tt41983440": {
  "ts": 1783409877.9843245,
  "rating": null
 },
 "tt15047880": {
  "ts": 1784095883.5589175,
  "rating": 3.11
 },
 "tt28650488": {
  "ts": 1784095814.8003178,
  "rating": 2.89
 },
 "tt27419466": {
  "ts": 1784095807.5947704,
  "rating": 3.25
 },
 "tt32093575": {
  "ts": 1784095812.6947525,
  "rating": 2.42
 },
 "tt7734244": {
  "ts": 1784095817.804039,
  "rating": 3.03
 },
 "tt29567915": {
  "ts": 1784095927.9135895,
  "rating": 3.54
 },
 "tt19883490": {
  "ts": 1784095815.8413641,
  "rating": null
 },
 "tt30825738": {
  "ts": 1784095818.804953,
  "rating": 3.11
 },
 "tt39104671": {
  "ts": 1784095810.6163495,
  "rating": 3.43
 },
 "tt33764258": {
  "ts": 1784095813.7939312,
  "rating": null
 },
 "tt0092890": {
  "ts": 1784095816.9214113,
  "rating": 3.75
 },
 "tt3075214": {
  "ts": 1784095820.905839,
  "rating": null
 },
 "tt29623480": {
  "ts": 1784095821.8113794,
  "rating": 4.21
 },
 "tt17528660": {
  "ts": 1784095822.8420742,
  "rating": null
 },
 "tt39814688": {
  "ts": 1784095831.9966407,
  "rating": 3.39
 },
 "tt41692123": {
  "ts": 1784095824.8477533,
  "rating": 3.44
 },
 "tt33296751": {
  "ts": 1784095828.981756,
  "rating": 3.75
 },
 "tt42574015": {
  "ts": 1784095832.9753664,
  "rating": null
 },
 "tt43509005": {
  "ts": 1784095827.9501758,
  "rating": null
 },
 "tt35453057": {
  "ts": 1783409898.6366522,
  "rating": 3.35
 },
 "tt39751309": {
  "ts": 1784095862.4176204,
  "rating": 2.86
 },
 "tt26940053": {
  "ts": 1784095823.8947408,
  "rating": 3.43
 },
 "tt33586629": {
  "ts": 1784095836.2654903,
  "rating": 3.57
 },
 "tt41974661": {
  "ts": 1784095840.3702824,
  "rating": null
 },
 "tt40678603": {
  "ts": 1784095839.3625555,
  "rating": null
 },
 "tt33612209": {
  "ts": 1784095845.3572226,
  "rating": 3.18
 },
 "tt0758758": {
  "ts": 1783409905.675755,
  "rating": 3.84
 },
 "tt0010711": {
  "ts": 1783409906.5566435,
  "rating": null
 },
 "tt33311069": {
  "ts": 1784095922.06098,
  "rating": 3.87
 },
 "tt39316472": {
  "ts": 1784095844.3385081,
  "rating": 3.51
 },
 "tt11378946": {
  "ts": 1784095835.1957743,
  "rating": 3.6
 },
 "tt31170389": {
  "ts": 1784095842.3274758,
  "rating": 3.45
 },
 "tt0072271": {
  "ts": 1783409911.676349,
  "rating": 3.78
 },
 "tt37495239": {
  "ts": 1784095843.390341,
  "rating": 2.84
 },
 "tt29544253": {
  "ts": 1784095847.438598,
  "rating": 2.88
 },
 "tt27548557": {
  "ts": 1783409914.8479943,
  "rating": null
 },
 "tt33996352": {
  "ts": 1784095848.493652,
  "rating": 3.32
 },
 "tt36591456": {
  "ts": 1783409916.999232,
  "rating": null
 },
 "tt0100356": {
  "ts": 1784095849.3951705,
  "rating": 3.58
 },
 "tt38607784": {
  "ts": 1784095850.3989675,
  "rating": 2.82
 },
 "tt22084616": {
  "ts": 1784095851.3263083,
  "rating": null
 },
 "tt19861162": {
  "ts": 1784095852.4465053,
  "rating": 3.09
 },
 "tt0088247": {
  "ts": 1784095853.5768611,
  "rating": 3.88
 },
 "tt43619348": {
  "ts": 1784095854.333716,
  "rating": null
 },
 "tt38884015": {
  "ts": 1784095855.3748686,
  "rating": null
 },
 "tt0145688": {
  "ts": 1784095856.3566267,
  "rating": null
 },
 "tt0245429": {
  "ts": 1784095857.3339477,
  "rating": 4.44
 },
 "tt37436831": {
  "ts": 1784095858.391416,
  "rating": 2.42
 },
 "tt6198412": {
  "ts": 1784095859.4389188,
  "rating": null
 },
 "tt37853455": {
  "ts": 1784095860.3506224,
  "rating": null
 },
 "tt0232500": {
  "ts": 1784095861.4385293,
  "rating": 3.53
 },
 "tt0077745": {
  "ts": 1784095863.412016,
  "rating": 3.94
 },
 "tt0034583": {
  "ts": 1784095864.4535594,
  "rating": 4.28
 },
 "tt30343021": {
  "ts": 1783409933.4878983,
  "rating": 3.3
 },
 "tt0094862": {
  "ts": 1784095866.8766904,
  "rating": 3.33
 },
 "tt2186566": {
  "ts": 1784095867.9984355,
  "rating": 2.84
 },
 "tt0075148": {
  "ts": 1784095868.9185362,
  "rating": 4.11
 },
 "tt0081505": {
  "ts": 1784095869.889725,
  "rating": 4.22
 },
 "tt0457939": {
  "ts": 1784095870.9829948,
  "rating": 3.62
 },
 "tt0100157": {
  "ts": 1784095871.8715925,
  "rating": 3.99
 },
 "tt32986839": {
  "ts": 1784095872.9624217,
  "rating": 3.79
 },
 "tt0108052": {
  "ts": 1783409942.2063818,
  "rating": 4.54
 },
 "tt0086879": {
  "ts": 1783409943.433762,
  "rating": 4.36
 },
 "tt33381401": {
  "ts": 1784095895.7410958,
  "rating": 3.67
 },
 "tt32528560": {
  "ts": 1783409945.672497,
  "rating": 3.25
 },
 "tt33515714": {
  "ts": 1784095878.3560271,
  "rating": 3.55
 },
 "tt1020559": {
  "ts": 1783409947.733615,
  "rating": 3.27
 },
 "tt2066051": {
  "ts": 1783409949.1363451,
  "rating": 3.7
 },
 "tt31514146": {
  "ts": 1784095880.2642746,
  "rating": 4.25
 },
 "tt20559796": {
  "ts": 1783409951.002854,
  "rating": 3.7
 },
 "tt37537636": {
  "ts": 1784095950.991294,
  "rating": 3.83
 },
 "tt32429174": {
  "ts": 1783409953.1929333,
  "rating": 3.68
 },
 "tt39602467": {
  "ts": 1784095876.3309698,
  "rating": 3.3
 },
 "tt34487826": {
  "ts": 1784095875.3449175,
  "rating": 3.11
 },
 "tt41991199": {
  "ts": 1784095846.377927,
  "rating": null
 },
 "tt0118528": {
  "ts": 1783409957.555861,
  "rating": 3.92
 },
 "tt22777288": {
  "ts": 1784095879.3364112,
  "rating": 3.39
 },
 "tt36586751": {
  "ts": 1784095881.547162,
  "rating": 2.99
 },
 "tt0073195": {
  "ts": 1784095882.5982032,
  "rating": 3.92
 },
 "tt11542214": {
  "ts": 1783409962.5682847,
  "rating": 2.74
 },
 "tt0806139": {
  "ts": 1784095884.5485816,
  "rating": 3.56
 },
 "tt21331016": {
  "ts": 1784095885.6338959,
  "rating": 2.17
 },
 "tt38875798": {
  "ts": 1784095887.8138103,
  "rating": 3.05
 },
 "tt0095327": {
  "ts": 1784095920.0675843,
  "rating": 4.48
 },
 "tt32273171": {
  "ts": 1784095921.1780581,
  "rating": 3.06
 },
 "tt36874833": {
  "ts": 1784095829.9468496,
  "rating": 3.53
 },
 "tt37022391": {
  "ts": 1784095838.4087732,
  "rating": 3.59
 },
 "tt30797042": {
  "ts": 1783409970.966592,
  "rating": 3.04
 },
 "tt12042730": {
  "ts": 1784095961.4984634,
  "rating": 4.31
 },
 "tt29002950": {
  "ts": 1784095901.8454113,
  "rating": 4.05
 },
 "tt1893269": {
  "ts": 1783409974.0426965,
  "rating": 3.64
 },
 "tt6574146": {
  "ts": 1783409975.072284,
  "rating": 3.11
 },
 "tt14507394": {
  "ts": 1783409975.9915247,
  "rating": 2.35
 },
 "tt41072606": {
  "ts": 1784095897.6960745,
  "rating": null
 },
 "tt32204858": {
  "ts": 1783409977.82703,
  "rating": 3.93
 },
 "tt39368062": {
  "ts": 1784095898.672137,
  "rating": 3.59
 },
 "tt29316652": {
  "ts": 1783409979.8740609,
  "rating": null
 },
 "tt15799524": {
  "ts": 1783409981.005701,
  "rating": 3.38
 },
 "tt32214143": {
  "ts": 1783409981.9306488,
  "rating": 2.58
 },
 "tt0113247": {
  "ts": 1783409982.8512356,
  "rating": 4.5
 },
 "tt30387012": {
  "ts": 1783409984.1795034,
  "rating": 2.6
 },
 "tt31189315": {
  "ts": 1784095896.7921567,
  "rating": 3.11
 },
 "tt36510056": {
  "ts": 1783409986.027772,
  "rating": 3.23
 },
 "tt0245712": {
  "ts": 1784095894.6294813,
  "rating": 4.19
 },
 "tt35069701": {
  "ts": 1784095899.6806445,
  "rating": 3.53
 },
 "tt0202660": {
  "ts": 1783409988.9894598,
  "rating": null
 },
 "tt0816692": {
  "ts": 1783409990.1260045,
  "rating": 4.44
 },
 "tt32321317": {
  "ts": 1783409991.1398358,
  "rating": 3.5
 },
 "tt27811632": {
  "ts": 1783409992.1891098,
  "rating": 3.76
 },
 "tt7160372": {
  "ts": 1783409993.394965,
  "rating": 3.86
 },
 "tt1233334": {
  "ts": 1783409994.6258802,
  "rating": 4.05
 },
 "tt35439895": {
  "ts": 1783409995.7252278,
  "rating": 3.54
 },
 "tt36943034": {
  "ts": 1784095902.9466023,
  "rating": 4.39
 },
 "tt31065370": {
  "ts": 1784095903.9493947,
  "rating": 3.55
 },
 "tt35494605": {
  "ts": 1784095905.0074034,
  "rating": 3.32
 },
 "tt41373111": {
  "ts": 1783409999.6554976,
  "rating": null
 },